<?xml version="1.0" encoding="utf-8"?>
<theme>
    <name>Simplicity Dark</name>
    <key>simplicitydark</key>
    <version>1.2</version>
    <compatibility>1.8 and higher</compatibility>
    <description>The Simplicity Dark theme with right sidebar</description>
    <author>Eetsceeck</author>
    <authorEmail>eetsceeck@gmail.com</authorEmail>
    <authorUrl>http://netobs.info/oxd/</authorUrl>
    <developerKey>8c4068ade00fd40e2ab766b063d46838</developerKey>
    <build>10810</build>
    <copyright>(C) 2016 mevalim.ca. All rights reserved.</copyright>
    <license>The BSD License</license>
    <licenseUrl>http://www.opensource.org/licenses/bsd-license.php</licenseUrl>
	<sidebarPosition>right</sidebarPosition>
</theme>
